id,firstname,lastname,email
1,Perle,Cramond,pcramond0@nature.com
2,Heather,Gatecliffe,hgatecliffe1@guardian.co.uk
3,Flora,Knevett,fknevett2@networksolutions.com
4,Jenni,Fowley,jfowley3@canalblog.com
5,Erie,Drever,edrever4@statcounter.com
6,Cornelius,Shoveller,cshoveller5@house.gov
7,Sal,Kaplin,skaplin6@cbc.ca
8,Vi,Crutchfield,vcrutchfield7@google.co.jp
9,Conan,Viollet,cviollet8@people.com.cn
10,Cynthy,Whardley,cwhardley9@tumblr.com
11,Tull,Paladini,tpaladinia@hostgator.com
12,Giffie,Robillart,grobillartb@wikimedia.org
13,Tiff,Brisley,tbrisleyc@nytimes.com
14,Emory,Comusso,ecomussod@odnoklassniki.ru
15,Earlie,Pierro,epierroe@cbslocal.com
16,Ransell,Lowes,rlowesf@themeforest.net
17,Pernell,Pykett,ppykettg@desdev.cn
18,Berti,Whylie,bwhylieh@google.fr
19,Dalenna,Higgonet,dhiggoneti@ed.gov
20,Christie,Tummond,ctummondj@yolasite.com
21,Camellia,Coning,cconingk@sbwire.com
22,Bentlee,Scouller,bscoullerl@mediafire.com
23,Gerri,Thwaites,gthwaitesm@google.it
24,Jacobo,Bartol,jbartoln@ucsd.edu
25,Lexine,Piris,lpiriso@upenn.edu
26,Maximilianus,Kingerby,mkingerbyp@google.com.au
27,Jeremias,Gleed,jgleedq@eventbrite.com
28,Nolan,Maddyson,nmaddysonr@tripadvisor.com
29,Portie,Pennino,ppenninos@furl.net
30,Vaughn,Morten,vmortent@naver.com
31,Shay,Bodsworth,sbodsworthu@networksolutions.com
32,Carolyn,Giorgiutti,cgiorgiuttiv@ycombinator.com
33,Merrill,Lazer,mlazerw@reddit.com
34,Teri,Hovy,thovyx@skyrock.com
35,Dagny,Wabey,dwabeyy@nhs.uk
36,Peyton,Greenstead,pgreensteadz@linkedin.com
37,Rikki,Dockwray,rdockwray10@zdnet.com
38,Lorrayne,Anscombe,lanscombe11@ocn.ne.jp
39,Kliment,Claiden,kclaiden12@zdnet.com
40,Gallard,MacGhee,gmacghee13@bravesites.com
41,Rudolfo,Brunon,rbrunon14@comcast.net
42,Amalie,McAllister,amcallister15@hibu.com
43,Maureene,Traves,mtraves16@nba.com
44,Margery,Adlam,madlam17@weather.com
45,Bertina,Iacovazzi,biacovazzi18@ox.ac.uk
46,Adriane,Geale,ageale19@domainmarket.com
47,Adair,Delany,adelany1a@cpanel.net
48,Konstantin,Rastrick,krastrick1b@disqus.com
49,Selene,Moors,smoors1c@fda.gov
50,Fons,Hourican,fhourican1d@imgur.com
51,Caryl,Turrell,cturrell1e@t.co
52,Martita,Cullabine,mcullabine1f@tuttocitta.it
53,Onfroi,Lemarie,olemarie1g@blinklist.com
54,Obie,Kitchen,okitchen1h@jigsy.com
55,Kristofor,Sher,ksher1i@sourceforge.net
56,Kelly,Reburn,kreburn1j@lycos.com
57,Alanson,Sinfield,asinfield1k@phpbb.com
58,Eli,Brunon,ebrunon1l@storify.com
59,Valene,Delieu,vdelieu1m@bbb.org
60,Hakim,Bridgeland,hbridgeland1n@epa.gov
61,Melisent,Pay,mpay1o@reuters.com
62,Merna,Pritchett,mpritchett1p@admin.ch
63,Delaney,Broadfoot,dbroadfoot1q@cbc.ca
64,Lewiss,Dewan,ldewan1r@forbes.com
65,Mirabel,Musprat,mmusprat1s@devhub.com
66,Agosto,Sheen,asheen1t@ft.com
67,Clarisse,Inglis,cinglis1u@tripadvisor.com
68,Caresa,Wilkin,cwilkin1v@archive.org
69,Jodie,Physic,jphysic1w@wp.com
70,Ronny,Novis,rnovis1x@blog.com
71,Olin,Broggetti,obroggetti1y@eepurl.com
72,Erroll,Brevitt,ebrevitt1z@constantcontact.com
73,Garvey,Gittings,ggittings20@youtu.be
74,Alli,Assad,aassad21@acquirethisname.com
75,Caesar,Currum,ccurrum22@ebay.com
76,Beulah,Gut,bgut23@admin.ch
77,Ferrel,Kimblin,fkimblin24@spiegel.de
78,Yolanthe,Carlill,ycarlill25@nyu.edu
79,Trix,Tabart,ttabart26@elegantthemes.com
80,Willis,Cassimer,wcassimer27@youtube.com
81,Sean,Goslin,sgoslin28@nyu.edu
82,Mead,Flippini,mflippini29@vimeo.com
83,Ashby,Doncom,adoncom2a@dmoz.org
84,Cherin,Porcher,cporcher2b@rediff.com
85,Carri,O'Regan,coregan2c@zdnet.com
86,Quint,MacGovern,qmacgovern2d@istockphoto.com
87,Hurley,Labbey,hlabbey2e@gravatar.com
88,Tiphanie,Grahlmans,tgrahlmans2f@de.vu
89,Raymond,Fosserd,rfosserd2g@cpanel.net
90,Andrew,Foynes,afoynes2h@wired.com
91,Jacobo,Crippell,jcrippell2i@taobao.com
92,Eric,Goold,egoold2j@aol.com
93,Marjorie,Baum,mbaum2k@cnet.com
94,Dorene,Stuchberry,dstuchberry2l@cyberchimps.com
95,Frannie,Drivers,fdrivers2m@baidu.com
96,Marchelle,McFfaden,mmcffaden2n@unicef.org
97,Bellanca,Tames,btames2o@acquirethisname.com
98,Evelin,Wiffield,ewiffield2p@buzzfeed.com
99,Gary,Jurkowski,gjurkowski2q@shop-pro.jp
100,Chrissy,Van de Castele,cvandecastele2r@cam.ac.uk
101,Burg,Targett,btargett2s@ucoz.ru
102,Roma,Weekes,rweekes2t@umn.edu
103,Blayne,Icke,bicke2u@hc360.com
104,Rutter,Henmarsh,rhenmarsh2v@infoseek.co.jp
105,Gretal,Farrah,gfarrah2w@harvard.edu
106,Shaughn,Wimmer,swimmer2x@spotify.com
107,Ardath,Sparkwill,asparkwill2y@unc.edu
108,Violette,Charpin,vcharpin2z@over-blog.com
109,Sephira,Pippin,spippin30@usatoday.com
110,Guinna,Barnham,gbarnham31@yandex.ru
111,Mureil,Fookes,mfookes32@nymag.com
112,North,Rayson,nrayson33@shutterfly.com
113,Keven,Ondrasek,kondrasek34@bing.com
114,Charmine,Horsley,chorsley35@yandex.ru
115,Collete,Naerup,cnaerup36@lulu.com
116,Andris,Cours,acours37@amazon.co.jp
117,Oswald,Toombs,otoombs38@foxnews.com
118,Jarid,Kynforth,jkynforth39@ehow.com
119,Guillema,Dowbekin,gdowbekin3a@1688.com
120,Hermie,Lindley,hlindley3b@zimbio.com
121,Read,Skey,rskey3c@japanpost.jp
122,Tootsie,Wellbank,twellbank3d@nifty.com
123,Clarinda,Giovannacci,cgiovannacci3e@ebay.com
124,Ulises,Cook,ucook3f@ftc.gov
125,Andros,Theobalds,atheobalds3g@economist.com
126,Ramona,Betteridge,rbetteridge3h@godaddy.com
127,Linette,Melhuish,lmelhuish3i@who.int
128,Max,Stuchburie,mstuchburie3j@zimbio.com
129,Kaitlyn,Hefforde,khefforde3k@berkeley.edu
130,Berte,Atyea,batyea3l@microsoft.com
131,Daphene,Blaydon,dblaydon3m@wp.com
132,Agnella,Turk,aturk3n@webs.com
133,Arther,Ranaghan,aranaghan3o@canalblog.com
134,Sherri,Edgson,sedgson3p@webs.com
135,Kristal,Longford,klongford3q@un.org
136,Dorie,Kelmere,dkelmere3r@sciencedaily.com
137,Lorena,Hindrick,lhindrick3s@mashable.com
138,Jerrie,Lorrimer,jlorrimer3t@soup.io
139,Conrad,Rolfini,crolfini3u@wikispaces.com
140,Hastings,Beeson,hbeeson3v@behance.net
141,Elsbeth,Hegerty,ehegerty3w@comsenz.com
142,Austin,Stitcher,astitcher3x@harvard.edu
143,Nefen,Wickson,nwickson3y@alexa.com
144,Revkah,Moysey,rmoysey3z@google.de
145,Jessika,Troppmann,jtroppmann40@dell.com
146,Dorolisa,Comelini,dcomelini41@buzzfeed.com
147,Zsa zsa,O'Rourke,zorourke42@netscape.com
148,Witty,McElmurray,wmcelmurray43@cornell.edu
149,Tallia,Norrington,tnorrington44@java.com
150,Kesley,Cluer,kcluer45@edublogs.org
151,Michell,Estrella,mestrella46@networksolutions.com
152,Jaimie,Sneaker,jsneaker47@timesonline.co.uk
153,Erminia,Fearnley,efearnley48@tumblr.com
154,Humberto,Bricksey,hbricksey49@ustream.tv
155,Otto,Hanratty,ohanratty4a@marriott.com
156,Teodoor,Casari,tcasari4b@taobao.com
157,Trudy,Brecon,tbrecon4c@sphinn.com
158,Phil,Offer,poffer4d@webmd.com
159,Erika,Hambridge,ehambridge4e@mozilla.com
160,Godfry,Tison,gtison4f@paypal.com
161,Gare,Stancliffe,gstancliffe4g@prweb.com
162,Ysabel,Fullard,yfullard4h@scientificamerican.com
163,Jordanna,Toovey,jtoovey4i@rediff.com
164,Nanine,Eymer,neymer4j@jimdo.com
165,Glenine,Leveritt,gleveritt4k@yahoo.com
166,Druci,Elcombe,delcombe4l@va.gov
167,Starlene,Durnford,sdurnford4m@geocities.com
168,Lars,Brumfitt,lbrumfitt4n@addtoany.com
169,Tamqrah,Glentworth,tglentworth4o@barnesandnoble.com
170,Hildagard,Plaice,hplaice4p@vimeo.com
171,Ernst,Goldhawk,egoldhawk4q@google.ru
172,Juana,Silverlock,jsilverlock4r@webnode.com
173,Dana,Blasik,dblasik4s@mysql.com
174,Webster,Lautie,wlautie4t@discuz.net
175,Dara,Wordesworth,dwordesworth4u@devhub.com
176,Ardis,Evangelinos,aevangelinos4v@fotki.com
177,Reed,Stephen,rstephen4w@nps.gov
178,Peterus,Vittel,pvittel4x@parallels.com
179,Laurette,Baltrushaitis,lbaltrushaitis4y@earthlink.net
180,Basia,Allden,ballden4z@cyberchimps.com
181,Anjela,Passingham,apassingham50@infoseek.co.jp
182,Bobby,Gloves,bgloves51@github.io
183,Dalenna,Bishell,dbishell52@google.pl
184,Dorelle,Budgeon,dbudgeon53@cornell.edu
185,Baird,Struthers,bstruthers54@lycos.com
186,Dodi,Bockings,dbockings55@ted.com
187,Yorke,Harbach,yharbach56@fastcompany.com
188,Drusy,Beswick,dbeswick57@pinterest.com
189,Tremain,Basili,tbasili58@tuttocitta.it
190,Madalyn,Andrat,mandrat59@mlb.com
191,Raymond,Lau,rlau5a@discovery.com
192,Rosmunda,Chaimson,rchaimson5b@nhs.uk
193,Trudie,Emig,temig5c@uol.com.br
194,Walker,Jorioz,wjorioz5d@nasa.gov
195,Katerina,Havock,khavock5e@liveinternet.ru
196,Lonnard,Dunsmore,ldunsmore5f@imageshack.us
197,Kahlil,Welchman,kwelchman5g@cdbaby.com
198,Roxi,Shaudfurth,rshaudfurth5h@printfriendly.com
199,Tabby,Wafer,twafer5i@ow.ly
200,Nicola,Hazeup,nhazeup5j@livejournal.com
201,Shoshanna,Hitcham,shitcham5k@plala.or.jp
202,Kellia,Salery,ksalery5l@ameblo.jp
203,Ginnifer,McGennis,gmcgennis5m@constantcontact.com
204,Ophelia,Croxall,ocroxall5n@smugmug.com
205,Karia,Yard,kyard5o@photobucket.com
206,Lilli,Farlham,lfarlham5p@comsenz.com
207,Bartlet,Hurling,bhurling5q@ft.com
208,Margarita,Eltun,meltun5r@wired.com
209,Charita,Spalding,cspalding5s@ihg.com
210,Nanni,Medcraft,nmedcraft5t@hc360.com
211,Cal,Bowmen,cbowmen5u@chron.com
212,Bab,Zarb,bzarb5v@wix.com
213,Yves,Sedworth,ysedworth5w@hhs.gov
214,Sukey,Beswetherick,sbeswetherick5x@cam.ac.uk
215,Denis,Macewan,dmacewan5y@artisteer.com
216,Bordie,Swire,bswire5z@businessweek.com
217,Mannie,Wyldes,mwyldes60@gnu.org
218,Orella,Godsmark,ogodsmark61@hp.com
219,Ardys,Kernley,akernley62@virginia.edu
220,Penni,Lindbergh,plindbergh63@wix.com
221,Ermin,Fumagallo,efumagallo64@lycos.com
222,Penni,Phelp,pphelp65@state.tx.us
223,Nomi,Rehm,nrehm66@bloomberg.com
224,Rudie,Gounod,rgounod67@facebook.com
225,Marietta,Dy,mdy68@google.com.au
226,Brandtr,Keijser,bkeijser69@nydailynews.com
227,Corella,Giacomo,cgiacomo6a@istockphoto.com
228,Bessy,Kindall,bkindall6b@google.pl
229,Glynnis,Sweetland,gsweetland6c@nytimes.com
230,Maynord,Daine,mdaine6d@msn.com
231,Valentin,Mattiazzo,vmattiazzo6e@fda.gov
232,Denny,Boniface,dboniface6f@cocolog-nifty.com
233,Callida,Jolliffe,cjolliffe6g@omniture.com
234,Jacklyn,Steels,jsteels6h@typepad.com
235,Goran,Imlock,gimlock6i@mit.edu
236,Ramona,Sexten,rsexten6j@hp.com
237,Meghan,MacRinn,mmacrinn6k@nhs.uk
238,Tan,Gebby,tgebby6l@pbs.org
239,Karla,Spere,kspere6m@zimbio.com
240,Raven,Kilbee,rkilbee6n@ovh.net
241,Valida,Poyzer,vpoyzer6o@ftc.gov
242,Sig,Densey,sdensey6p@cloudflare.com
243,Scotty,Ormistone,sormistone6q@nih.gov
244,Rodolph,Sommerly,rsommerly6r@dyndns.org
245,Cornelle,Matyushkin,cmatyushkin6s@blog.com
246,Alley,Yateman,ayateman6t@linkedin.com
247,Reggi,Creser,rcreser6u@delicious.com
248,Joyous,Ganing,jganing6v@cafepress.com
249,Kinnie,Galier,kgalier6w@tumblr.com
250,Jone,Broxup,jbroxup6x@odnoklassniki.ru
251,Hamlen,Goalley,hgoalley6y@opera.com
252,Butch,Gueny,bgueny6z@apache.org
253,Tracey,Burnsides,tburnsides70@people.com.cn
254,Harper,Frearson,hfrearson71@nba.com
255,Robb,Maffezzoli,rmaffezzoli72@netvibes.com
256,Gabby,Clynmans,gclynmans73@dmoz.org
257,Minne,Mossman,mmossman74@usnews.com
258,Killie,Harverson,kharverson75@weibo.com
259,Niccolo,Roussel,nroussel76@tiny.cc
260,Ozzie,McTaggart,omctaggart77@gravatar.com
261,Shirlee,Sowerbutts,ssowerbutts78@cmu.edu
262,Catharine,Lipmann,clipmann79@skype.com
263,Belvia,Gascoyne,bgascoyne7a@google.cn
264,Jerome,Dunk,jdunk7b@tamu.edu
265,Larine,Mallett,lmallett7c@cargocollective.com
266,Gwendolyn,Boxen,gboxen7d@google.co.uk
267,Frederick,Kreutzer,fkreutzer7e@tumblr.com
268,Felicity,Groger,fgroger7f@vistaprint.com
269,Danette,Bulluck,dbulluck7g@tiny.cc
270,Rivalee,Inkpen,rinkpen7h@ask.com
271,Julina,Eidelman,jeidelman7i@shop-pro.jp
272,Kori,Kear,kkear7j@phoca.cz
273,Gizela,Stannett,gstannett7k@mozilla.com
274,Petra,Forward,pforward7l@yolasite.com
275,Vonnie,Brandrick,vbrandrick7m@statcounter.com
276,Stepha,Sheehan,ssheehan7n@hostgator.com
277,Mattie,Reardon,mreardon7o@bizjournals.com
278,Rivkah,Legg,rlegg7p@microsoft.com
279,Sammy,Moran,smoran7q@time.com
280,Lauralee,Gwalter,lgwalter7r@wisc.edu
281,Chelsy,Synnot,csynnot7s@shop-pro.jp
282,Genia,Prayer,gprayer7t@marketwatch.com
283,Guillermo,McVaugh,gmcvaugh7u@youtube.com
284,Gerardo,Sam,gsam7v@lulu.com
285,Desmund,Miebes,dmiebes7w@istockphoto.com
286,Charin,Towsey,ctowsey7x@squarespace.com
287,Harold,Bleacher,hbleacher7y@exblog.jp
288,Clerissa,Stuck,cstuck7z@lycos.com
289,Devondra,Poulsen,dpoulsen80@ocn.ne.jp
290,Putnam,Lebourn,plebourn81@people.com.cn
291,Link,Joberne,ljoberne82@example.com
292,Moll,Pickford,mpickford83@illinois.edu
293,Adan,Izaac,aizaac84@tripadvisor.com
294,Kanya,Stanmore,kstanmore85@slideshare.net
295,Shandee,Bukowski,sbukowski86@last.fm
296,Jeanna,Eschelle,jeschelle87@t-online.de
297,Gabby,Turnock,gturnock88@noaa.gov
298,Linoel,Perche,lperche89@tinyurl.com
299,Charlene,Pinhorn,cpinhorn8a@wp.com
300,Robyn,Shemming,rshemming8b@4shared.com
301,Clemmy,Epp,cepp8c@vkontakte.ru
302,Alicea,Sterrie,asterrie8d@sakura.ne.jp
303,Marwin,Quig,mquig8e@un.org
304,Blanche,Neighbour,bneighbour8f@amazon.de
305,Packston,Heinssen,pheinssen8g@mtv.com
306,Nat,Woodthorpe,nwoodthorpe8h@who.int
307,Anselm,Spinley,aspinley8i@over-blog.com
308,Estrellita,Gildersleaves,egildersleaves8j@typepad.com
309,Tristan,Zuppa,tzuppa8k@webnode.com
310,Jacobo,Keirl,jkeirl8l@yandex.ru
311,Minetta,Caygill,mcaygill8m@gov.uk
312,Finley,Wilber,fwilber8n@e-recht24.de
313,Simonne,Idney,sidney8o@cargocollective.com
314,Roseann,Abernethy,rabernethy8p@ox.ac.uk
315,Gayle,Bunyard,gbunyard8q@umn.edu
316,Caryn,Philipeau,cphilipeau8r@ucoz.com
317,Leupold,Kitcher,lkitcher8s@umn.edu
318,Derrek,Clues,dclues8t@wikipedia.org
319,Junia,Flook,jflook8u@apache.org
320,Devonne,Lant,dlant8v@arstechnica.com
321,Lauren,Rowell,lrowell8w@livejournal.com
322,Kellyann,Chastan,kchastan8x@4shared.com
323,Doloritas,Krzyzanowski,dkrzyzanowski8y@statcounter.com
324,Angelo,Truder,atruder8z@barnesandnoble.com
325,Nelson,Polotti,npolotti90@gnu.org
326,Wilhelm,Purvis,wpurvis91@europa.eu
327,Cash,Huddart,chuddart92@hud.gov
328,Duncan,Kerswell,dkerswell93@hibu.com
329,Gavan,Whiteoak,gwhiteoak94@google.ru
330,Tommie,Cornier,tcornier95@acquirethisname.com
331,Jeanette,Stronough,jstronough96@furl.net
332,Marlee,Paolini,mpaolini97@vinaora.com
333,Rodolphe,Handling,rhandling98@arizona.edu
334,Isacco,Penwell,ipenwell99@livejournal.com
335,Des,Giron,dgiron9a@exblog.jp
336,Casi,Hounsome,chounsome9b@t.co
337,Link,Eddison,leddison9c@goodreads.com
338,Florinda,Whitaker,fwhitaker9d@mail.ru
339,Ugo,Hadeke,uhadeke9e@cnn.com
340,Arvie,Corwood,acorwood9f@kickstarter.com
341,Beverly,Ansty,bansty9g@admin.ch
342,Rici,Pryke,rpryke9h@cnn.com
343,Drusi,Dovey,ddovey9i@java.com
344,Effie,Landers,elanders9j@yellowbook.com
345,Jamesy,Pretsel,jpretsel9k@state.tx.us
346,Osborne,Lytlle,olytlle9l@woothemes.com
347,Katleen,Jeaves,kjeaves9m@discuz.net
348,Wiley,Absolom,wabsolom9n@go.com
349,Valentino,Brigshaw,vbrigshaw9o@bbb.org
350,Leia,Breffit,lbreffit9p@mit.edu
351,Pammy,Kundt,pkundt9q@google.it
352,Adelbert,Gealle,agealle9r@goo.gl
353,Krisha,Valintine,kvalintine9s@dmoz.org
354,Thomas,Dukes,tdukes9t@g.co
355,Sterling,Meddick,smeddick9u@foxnews.com
356,Myles,Gibby,mgibby9v@webeden.co.uk
357,Darb,Manuaud,dmanuaud9w@dailymail.co.uk
358,Brunhilde,Ascough,bascough9x@newyorker.com
359,Coral,Leadley,cleadley9y@issuu.com
360,Cathryn,Millichap,cmillichap9z@blogs.com
361,Tannie,Brockway,tbrockwaya0@blogger.com
362,Jesse,Ilyenko,jilyenkoa1@independent.co.uk
363,Wit,Dimitru,wdimitrua2@hc360.com
364,Liane,Skirving,lskirvinga3@google.fr
365,Shaylyn,Shitliffe,sshitliffea4@yale.edu
366,Sioux,Cupitt,scupitta5@yahoo.com
367,Even,Shardlow,eshardlowa6@fc2.com
368,Rachael,Quinsee,rquinseea7@mapy.cz
369,Heriberto,Baitman,hbaitmana8@miitbeian.gov.cn
370,Fionna,Clark,fclarka9@jugem.jp
371,Dinny,Bernadzki,dbernadzkiaa@illinois.edu
372,Liane,Redford,lredfordab@vistaprint.com
373,Blancha,Shaylor,bshaylorac@buzzfeed.com
374,Bidget,Esseby,bessebyad@mozilla.com
375,Xever,Chaddock,xchaddockae@surveymonkey.com
376,Giordano,Gravenall,ggravenallaf@statcounter.com
377,Duff,Yelland,dyellandag@virginia.edu
378,Kathryn,Willoughby,kwilloughbyah@de.vu
379,Wileen,Espinoza,wespinozaai@g.co
380,Caro,Fincken,cfinckenaj@accuweather.com
381,Malynda,Dacca,mdaccaak@mtv.com
382,Merrili,Trevithick,mtrevithickal@prweb.com
383,Dannel,Ciccarello,dciccarelloam@apache.org
384,Wenda,Blei,wbleian@jugem.jp
385,Amara,Shelborne,ashelborneao@discuz.net
386,Brendin,Tebbut,btebbutap@networksolutions.com
387,Arlee,Fealy,afealyaq@woothemes.com
388,Caresse,Rastall,crastallar@bandcamp.com
389,Zach,Lomb,zlombas@addthis.com
390,Lanae,de Glanville,ldeglanvilleat@discovery.com
391,Fredrika,Jakubowski,fjakubowskiau@alibaba.com
392,Morlee,Crowe,mcroweav@w3.org
393,Pamella,Gregorace,pgregoraceaw@auda.org.au
394,Marlin,Giddings,mgiddingsax@aboutads.info
395,Hermina,Bilsborrow,hbilsborroway@chron.com
396,Katti,Franzettoini,kfranzettoiniaz@pinterest.com
397,Erminia,Ingilson,eingilsonb0@cornell.edu
398,Fanya,Robertis,frobertisb1@mayoclinic.com
399,Corliss,Gercken,cgerckenb2@networkadvertising.org
400,Betti,Rieflin,brieflinb3@youtu.be
401,Reinhard,Supple,rsuppleb4@jigsy.com
402,Agneta,Covet,acovetb5@opensource.org
403,Janina,Paskell,jpaskellb6@go.com
404,Mirna,Noir,mnoirb7@ted.com
405,Rodolph,Fownes,rfownesb8@auda.org.au
406,Cassandre,Krzyzowski,ckrzyzowskib9@weebly.com
407,Thom,Peevor,tpeevorba@163.com
408,Bettye,Petken,bpetkenbb@hp.com
409,Son,Gainsburgh,sgainsburghbc@ft.com
410,Allison,Beaulieu,abeaulieubd@moonfruit.com
411,Annabelle,Williamson,awilliamsonbe@furl.net
412,Annabelle,Whannel,awhannelbf@pbs.org
413,Jackqueline,Mattia,jmattiabg@storify.com
414,Ariel,Aikenhead,aaikenheadbh@bloglovin.com
415,Zulema,Baversor,zbaversorbi@spiegel.de
416,Bernadette,Percy,bpercybj@ucsd.edu
417,Killie,Draper,kdraperbk@economist.com
418,Laughton,Sagerson,lsagersonbl@paypal.com
419,Trisha,Farnham,tfarnhambm@stumbleupon.com
420,Niles,Sanches,nsanchesbn@youtube.com
421,Lionello,Klemensiewicz,lklemensiewiczbo@smugmug.com
422,Issie,Blissitt,iblissittbp@ezinearticles.com
423,Raleigh,Perryn,rperrynbq@chron.com
424,Nerty,Morgue,nmorguebr@springer.com
425,Cary,Lowne,clownebs@nationalgeographic.com
426,Preston,Ledram,pledrambt@bbc.co.uk
427,Elmore,Wegner,ewegnerbu@harvard.edu
428,Pavia,Dubock,pdubockbv@opensource.org
429,Chelsie,Bygraves,cbygravesbw@freewebs.com
430,Brynna,Thebeau,bthebeaubx@biglobe.ne.jp
431,Tammie,Deniske,tdeniskeby@ameblo.jp
432,Elyn,Wreiford,ewreifordbz@nasa.gov
433,Marissa,Corkhill,mcorkhillc0@engadget.com
434,Saunderson,Sheed,ssheedc1@sogou.com
435,Arel,Tremathack,atremathackc2@merriam-webster.com
436,Sonya,McTiernan,smctiernanc3@studiopress.com
437,Evelin,Tear,etearc4@ow.ly
438,Stevena,Volonte,svolontec5@unc.edu
439,Amos,Wilkin,awilkinc6@weebly.com
440,Bernita,Whimper,bwhimperc7@twitpic.com
441,Adriano,Hargerie,ahargeriec8@virginia.edu
442,Hank,Pelzer,hpelzerc9@reverbnation.com
443,Leyla,Mabbutt,lmabbuttca@apache.org
444,Gregg,Peele,gpeelecb@hao123.com
445,Adi,Keers,akeerscc@ed.gov
446,Adolpho,Johnigan,ajohnigancd@friendfeed.com
447,Neysa,Krysztowczyk,nkrysztowczykce@so-net.ne.jp
448,Quillan,Jankiewicz,qjankiewiczcf@webs.com
449,Bert,Pratton,bprattoncg@mozilla.org
450,Kile,Downton,kdowntonch@live.com
451,Gabey,Shillam,gshillamci@printfriendly.com
452,Lance,Bosworth,lbosworthcj@virginia.edu
453,Morissa,Abels,mabelsck@sun.com
454,Bellina,Kundert,bkundertcl@geocities.com
455,Mylo,Cogdon,mcogdoncm@apple.com
456,Aube,Morsom,amorsomcn@phpbb.com
457,Gardy,Pieters,gpietersco@si.edu
458,Oby,Riditch,oriditchcp@princeton.edu
459,Fidole,Rankmore,frankmorecq@nps.gov
460,Cullen,Stoggles,cstogglescr@photobucket.com
461,Herman,Gudyer,hgudyercs@cpanel.net
462,Bernhard,Breheny,bbrehenyct@utexas.edu
463,Bearnard,Noble,bnoblecu@usgs.gov
464,Bev,Brant,bbrantcv@printfriendly.com
465,Winfred,Beels,wbeelscw@msn.com
466,Bradly,Bamforth,bbamforthcx@shutterfly.com
467,Anabelle,Yarmouth,ayarmouthcy@xrea.com
468,Kort,Jaquiss,kjaquisscz@umn.edu
469,Wilone,Tilford,wtilfordd0@noaa.gov
470,Reade,Castello,rcastellod1@cbsnews.com
471,Vern,Jones,vjonesd2@pbs.org
472,Neely,Eadmead,neadmeadd3@wix.com
473,Niall,Wooldridge,nwooldridged4@dailymotion.com
474,Tiler,Dumbreck,tdumbreckd5@51.la
475,Culver,Ballance,cballanced6@jimdo.com
476,Tobe,Montague,tmontagued7@jiathis.com
477,Derek,Leadley,dleadleyd8@jimdo.com
478,Jill,Calway,jcalwayd9@hibu.com
479,Nikoletta,Uzzell,nuzzellda@disqus.com
480,Minnie,Cornish,mcornishdb@canalblog.com
481,Chauncey,Paulazzi,cpaulazzidc@pen.io
482,Olympe,Markie,omarkiedd@purevolume.com
483,Mitzi,Tittletross,mtittletrossde@paginegialle.it
484,Kin,Curd,kcurddf@icq.com
485,Atlanta,Calver,acalverdg@ow.ly
486,Joyan,Featherstonehaugh,jfeatherstonehaughdh@skype.com
487,Leena,Beedell,lbeedelldi@marketwatch.com
488,Michaella,Coase,mcoasedj@census.gov
489,Jeannie,Litt,jlittdk@miitbeian.gov.cn
490,Errol,Jorden,ejordendl@shareasale.com
491,Sheela,Franzelini,sfranzelinidm@delicious.com
492,Aliza,Boorman,aboormandn@delicious.com
493,Kipp,Bonick,kbonickdo@theatlantic.com
494,Bernadine,Braunter,bbraunterdp@wp.com
495,Peadar,Mc Carrick,pmccarrickdq@paypal.com
496,Shandee,Livett,slivettdr@ow.ly
497,Netti,Blackaller,nblackallerds@last.fm
498,Flinn,Leeburn,fleeburndt@yandex.ru
499,Sigfried,McRonald,smcronalddu@cmu.edu
500,Rockey,MacDaid,rmacdaiddv@ustream.tv
501,Leonerd,Meddows,lmeddowsdw@noaa.gov
502,Amandi,Forbes,aforbesdx@intel.com
503,Beverlie,Barroux,bbarrouxdy@fc2.com
504,Herbert,McPhillimey,hmcphillimeydz@php.net
505,Quinta,MacAughtrie,qmacaughtriee0@spiegel.de
506,Krishnah,Machent,kmachente1@example.com
507,Billie,Sirkett,bsirkette2@cnn.com
508,Hubert,Grizard,hgrizarde3@csmonitor.com
509,Pippy,Philp,pphilpe4@drupal.org
510,Loydie,O'Doherty,lodohertye5@oracle.com
511,Humfrid,Yakovliv,hyakovlive6@networksolutions.com
512,Wandis,Blockey,wblockeye7@naver.com
513,Eulalie,Verbeek,everbeeke8@mediafire.com
514,Scotti,Yockney,syockneye9@studiopress.com
515,Otes,Varnals,ovarnalsea@ca.gov
516,Wilmar,Cuardall,wcuardalleb@cam.ac.uk
517,Madella,Gladyer,mgladyerec@twitter.com
518,Reamonn,Pennicott,rpennicotted@cloudflare.com
519,Nikolos,Gocher,ngocheree@imgur.com
520,Marcellina,Jelleman,mjellemanef@ihg.com
521,Lenette,Calleja,lcallejaeg@msn.com
522,Adriane,Broad,abroadeh@mozilla.org
523,Renell,Kermott,rkermottei@sciencedaily.com
524,Ashleigh,Simson,asimsonej@sakura.ne.jp
525,Sheela,Tetla,stetlaek@ifeng.com
526,Bentlee,Bernini,bberniniel@infoseek.co.jp
527,Justina,Hanster,jhansterem@dagondesign.com
528,Effie,Lloyds,elloydsen@drupal.org
529,Hiram,Lindeman,hlindemaneo@nih.gov
530,Alyda,Tottman,atottmanep@aboutads.info
531,Brewster,Ashbolt,bashbolteq@netvibes.com
532,Tristam,Pusey,tpuseyer@tiny.cc
533,Upton,Kenen,ukenenes@princeton.edu
534,Valentino,Casajuana,vcasajuanaet@weather.com
535,Parrnell,Halworth,phalwortheu@ted.com
536,Pearl,Surgenor,psurgenorev@businessinsider.com
537,Allie,Duffitt,aduffittew@intel.com
538,Jerrie,Dunleavy,jdunleavyex@hugedomains.com
539,Inness,O'Kerin,iokeriney@booking.com
540,Vonny,Petherick,vpetherickez@moonfruit.com
541,Lurleen,Wickerson,lwickersonf0@github.io
542,Meghann,Grisley,mgrisleyf1@constantcontact.com
543,Saxe,Kempe,skempef2@angelfire.com
544,Edlin,Beese,ebeesef3@about.me
545,Gram,Lomasna,glomasnaf4@indiegogo.com
546,Dollie,Jaine,djainef5@paypal.com
547,Sabra,Keppe,skeppef6@bloglines.com
548,Merna,Gabey,mgabeyf7@furl.net
549,Ewart,Delhay,edelhayf8@wp.com
550,Demetra,Matthewes,dmatthewesf9@va.gov
551,Nanette,Younie,nyouniefa@gizmodo.com
552,Annemarie,Ludman,aludmanfb@china.com.cn
553,Allianora,Fishbie,afishbiefc@spiegel.de
554,Giorgi,Haldane,ghaldanefd@google.com.hk
555,Johnette,Pablo,jpablofe@csmonitor.com
556,Hester,Seabrook,hseabrookff@flickr.com
557,Darnell,Linde,dlindefg@apple.com
558,Melodee,Haslam,mhaslamfh@oakley.com
559,Shelley,Revell,srevellfi@baidu.com
560,Winslow,Sowte,wsowtefj@storify.com
561,Alonzo,Windle,awindlefk@bluehost.com
562,Ali,Giacobillo,agiacobillofl@pagesperso-orange.fr
563,Nerte,Gitting,ngittingfm@bandcamp.com
564,Jackquelin,Scorah,jscorahfn@slate.com
565,Esmaria,Freegard,efreegardfo@uiuc.edu
566,Maggie,Daud,mdaudfp@intel.com
567,Derwin,Carver,dcarverfq@networksolutions.com
568,Carolynn,Grace,cgracefr@economist.com
569,Fulvia,McGrail,fmcgrailfs@who.int
570,Tiena,Ingyon,tingyonft@nps.gov
571,Aleta,Moan,amoanfu@oaic.gov.au
572,Clementina,Portchmouth,cportchmouthfv@amazon.co.uk
573,Hobart,Saunders,hsaundersfw@studiopress.com
574,Inga,Vlasov,ivlasovfx@ft.com
575,Kiersten,Cootes,kcootesfy@cornell.edu
576,Haslett,Cottee,hcotteefz@typepad.com
577,Nadiya,Landsbury,nlandsburyg0@about.me
578,Allie,Grew,agrewg1@vk.com
579,Joanna,Byfford,jbyffordg2@usa.gov
580,Burt,Attlee,battleeg3@instagram.com
581,Travers,Maso,tmasog4@twitpic.com
582,Clyde,Elies,celiesg5@mapy.cz
583,Mattias,Baudrey,mbaudreyg6@washington.edu
584,Laurie,Whardley,lwhardleyg7@businessinsider.com
585,Ursala,Celloni,ucellonig8@shareasale.com
586,Verena,Geroldi,vgeroldig9@latimes.com
587,Odille,Shawdforth,oshawdforthga@hugedomains.com
588,Mia,Kidney,mkidneygb@discovery.com
589,Joell,Slessor,jslessorgc@umich.edu
590,Alejandrina,Markson,amarksongd@wsj.com
591,Averyl,Pallis,apallisge@businessinsider.com
592,Kellia,Gomersall,kgomersallgf@psu.edu
593,Berkie,McElmurray,bmcelmurraygg@opensource.org
594,Renault,Gaughan,rgaughangh@slashdot.org
595,Petunia,Balmer,pbalmergi@nsw.gov.au
596,Selia,Taile,stailegj@ca.gov
597,Fran,Delle,fdellegk@answers.com
598,Natale,Dana,ndanagl@elpais.com
599,Arne,Howison,ahowisongm@marketwatch.com
600,Phip,Leach,pleachgn@ucla.edu
601,Angie,Mathe,amathego@google.nl
602,Emmi,Neicho,eneichogp@springer.com
603,Libbie,Redshaw,lredshawgq@barnesandnoble.com
604,Wilfred,de Mullett,wdemullettgr@jimdo.com
605,Gordy,Karchowski,gkarchowskigs@hugedomains.com
606,Ian,Patriskson,ipatrisksongt@cmu.edu
607,Dorise,Collison,dcollisongu@cbc.ca
608,Mack,Brixey,mbrixeygv@businessinsider.com
609,Bengt,Chasier,bchasiergw@posterous.com
610,Horatia,Grimoldby,hgrimoldbygx@sourceforge.net
611,Frederica,La Grange,flagrangegy@microsoft.com
612,Dode,Janowski,djanowskigz@squarespace.com
613,Gabriell,Sandes,gsandesh0@amazon.de
614,Berkie,Giamitti,bgiamittih1@wikispaces.com
615,Kaila,Tappor,ktapporh2@reverbnation.com
616,Von,Cund,vcundh3@t-online.de
617,Alfonse,Sergeant,asergeanth4@npr.org
618,Osgood,Umbert,oumberth5@springer.com
619,Cele,Reignolds,creignoldsh6@state.gov
620,Julissa,Searston,jsearstonh7@elpais.com
621,Naomi,Batterson,nbattersonh8@goo.gl
622,Carmine,Redman,credmanh9@trellian.com
623,Mar,Shillum,mshillumha@ted.com
624,Malina,Smitherman,msmithermanhb@toplist.cz
625,Collen,Holmyard,cholmyardhc@linkedin.com
626,Lancelot,Amburgy,lamburgyhd@illinois.edu
627,Edan,Carding,ecardinghe@baidu.com
628,Patrice,Tattershaw,ptattershawhf@cdbaby.com
629,Estrella,Flawith,eflawithhg@vinaora.com
630,Cleveland,Grasha,cgrashahh@4shared.com
631,Erica,Furmage,efurmagehi@zdnet.com
632,Aubree,Fishbourne,afishbournehj@bravesites.com
633,Adella,Blincoe,ablincoehk@who.int
634,Gennie,Joye,gjoyehl@dagondesign.com
635,Corrianne,Orringe,corringehm@miibeian.gov.cn
636,Pennie,Vettore,pvettorehn@disqus.com
637,Ernestine,Newtown,enewtownho@webnode.com
638,Luce,Monier,lmonierhp@t-online.de
639,Sydel,Fogden,sfogdenhq@huffingtonpost.com
640,Matelda,MacLleese,mmaclleesehr@addtoany.com
641,Bernette,Shewring,bshewringhs@geocities.com
642,Catha,Abbado,cabbadoht@youku.com
643,Fabe,Swadon,fswadonhu@sbwire.com
644,Ruby,Blinckhorne,rblinckhornehv@unicef.org
645,Margaretha,Fisby,mfisbyhw@xrea.com
646,Trenton,Papachristophorou,tpapachristophorouhx@hhs.gov
647,Blanca,Smewing,bsmewinghy@soundcloud.com
648,Aylmer,Zemler,azemlerhz@thetimes.co.uk
649,Janene,Thrush,jthrushi0@theatlantic.com
650,Grant,Samuel,gsamueli1@istockphoto.com
651,Muffin,Candish,mcandishi2@people.com.cn
652,Melanie,Measures,mmeasuresi3@youtu.be
653,Lora,Gardener,lgardeneri4@archive.org
654,Elinore,Niesing,eniesingi5@artisteer.com
655,Elsworth,Eastcourt,eeastcourti6@i2i.jp
656,Eve,Laughlin,elaughlini7@themeforest.net
657,Carolina,Heersema,cheersemai8@blog.com
658,Jsandye,Pydcock,jpydcocki9@loc.gov
659,Stevie,Jagiello,sjagielloia@stumbleupon.com
660,Shem,Sawney,ssawneyib@hubpages.com
661,Celinda,Billows,cbillowsic@plala.or.jp
662,Sonnie,Mongan,smonganid@gmpg.org
663,Veda,Casini,vcasiniie@ted.com
664,Milton,Kitteringham,mkitteringhamif@vimeo.com
665,Judi,Pryce,jpryceig@flavors.me
666,Lodovico,Domm,ldommih@google.co.jp
667,Zechariah,Cairns,zcairnsii@mozilla.com
668,Ann-marie,Guare,aguareij@indiatimes.com
669,Lamond,Kaiser,lkaiserik@phoca.cz
670,Gaynor,Lerer,glereril@stumbleupon.com
671,Goran,Ferneley,gferneleyim@fotki.com
672,Ruddie,Sanderson,rsandersonin@guardian.co.uk
673,Eleonore,Southeran,esoutheranio@icio.us
674,Antoinette,Frain,afrainip@skyrock.com
675,Quinn,Broodes,qbroodesiq@yale.edu
676,Verney,Lackie,vlackieir@goo.gl
677,Othella,Cressy,ocressyis@wufoo.com
678,Murray,Seston,msestonit@deliciousdays.com
679,Adey,Kalderon,akalderoniu@sohu.com
680,Anderea,Krook,akrookiv@shareasale.com
681,Odilia,Skellington,oskellingtoniw@uiuc.edu
682,Rainer,Beves,rbevesix@arstechnica.com
683,Averil,Saffran,asaffraniy@guardian.co.uk
684,Sherlock,McLewd,smclewdiz@delicious.com
685,Marya,Auty,mautyj0@skyrock.com
686,Joann,Reck,jreckj1@google.com.au
687,Adrienne,Rowbottom,arowbottomj2@washingtonpost.com
688,Patton,Behn,pbehnj3@acquirethisname.com
689,Norean,Daouse,ndaousej4@va.gov
690,Georgeanne,Alben,galbenj5@multiply.com
691,Alameda,Paskin,apaskinj6@oakley.com
692,Ernestine,Rumsey,erumseyj7@arizona.edu
693,Chelsie,Goodluck,cgoodluckj8@narod.ru
694,Chauncey,Praten,cpratenj9@mail.ru
695,Jobyna,Pynner,jpynnerja@ocn.ne.jp
696,Andreana,Simonich,asimonichjb@answers.com
697,Paul,Warmisham,pwarmishamjc@live.com
698,Jasper,Kennard,jkennardjd@xing.com
699,Ofelia,Stanlike,ostanlikeje@google.ca
700,Rina,Searles,rsearlesjf@icq.com
701,Michelle,Buckell,mbuckelljg@dyndns.org
702,Alisander,Gildea,agildeajh@dell.com
703,Waldon,Crocker,wcrockerji@google.com.au
704,Romola,Kleinmann,rkleinmannjj@51.la
705,Florrie,Mellings,fmellingsjk@go.com
706,Cassandre,Triplet,ctripletjl@timesonline.co.uk
707,Catherine,Carnihan,ccarnihanjm@elpais.com
708,Caddric,Proswell,cproswelljn@answers.com
709,Hollie,Turfs,hturfsjo@walmart.com
710,Thorn,Telling,ttellingjp@sfgate.com
711,Fidelity,Rhymes,frhymesjq@twitter.com
712,Tyson,Andersch,tanderschjr@google.co.uk
713,Russ,Oneal,ronealjs@gravatar.com
714,Percy,Kleisel,pkleiseljt@gizmodo.com
715,Jacquelynn,Cunah,jcunahju@apache.org
716,Randell,Chaldecott,rchaldecottjv@vinaora.com
717,Boote,Bricksey,bbrickseyjw@phoca.cz
718,Fran,Whightman,fwhightmanjx@google.com.hk
719,Christan,Fairall,cfairalljy@com.com
720,Claudianus,Fealty,cfealtyjz@mashable.com
721,Iolanthe,Furlonge,ifurlongek0@yellowbook.com
722,Biron,Janota,bjanotak1@oracle.com
723,Yvette,Delacroux,ydelacrouxk2@creativecommons.org
724,Leopold,Robertz,lrobertzk3@ocn.ne.jp
725,Jacynth,Boules,jboulesk4@samsung.com
726,Ashely,Habbeshaw,ahabbeshawk5@house.gov
727,Dael,Matthewson,dmatthewsonk6@nydailynews.com
728,Rasia,Schieferstein,rschiefersteink7@squidoo.com
729,Sigismundo,Greetland,sgreetlandk8@fotki.com
730,Kacy,Crumpton,kcrumptonk9@si.edu
731,Linnell,Popeley,lpopeleyka@jugem.jp
732,Marcello,Murby,mmurbykb@skyrock.com
733,Jules,Bittleson,jbittlesonkc@google.de
734,Myrah,Lambart,mlambartkd@ihg.com
735,Jessa,Tweddell,jtweddellke@issuu.com
736,Vera,Stitt,vstittkf@nps.gov
737,Janaya,Payley,jpayleykg@gmpg.org
738,Creighton,Stiles,cstileskh@rakuten.co.jp
739,Mac,Milstead,mmilsteadki@engadget.com
740,Giffard,Tebbit,gtebbitkj@eventbrite.com
741,Rosanna,Grinham,rgrinhamkk@un.org
742,Margaret,Bratchell,mbratchellkl@oaic.gov.au
743,Benny,Margaritelli,bmargaritellikm@last.fm
744,Giavani,Venditto,gvendittokn@plala.or.jp
745,Braden,Whiten,bwhitenko@blogger.com
746,Patten,Titterrell,ptitterrellkp@imgur.com
747,Martguerita,Burthom,mburthomkq@cbsnews.com
748,Elene,Ashbrook,eashbrookkr@globo.com
749,Nesta,Suddaby,nsuddabyks@printfriendly.com
750,Giacopo,McTague,gmctaguekt@statcounter.com
751,Gilda,Kief,gkiefku@etsy.com
752,Lorin,Stockill,lstockillkv@redcross.org
753,Garrick,Vian,gviankw@sakura.ne.jp
754,Finlay,Cussins,fcussinskx@usgs.gov
755,Kristin,Dunmore,kdunmoreky@tumblr.com
756,Magdalen,Oakeshott,moakeshottkz@icq.com
757,Annora,Giacobini,agiacobinil0@chron.com
758,Laurianne,Seegar,lseegarl1@mac.com
759,Estelle,Cicero,ecicerol2@marriott.com
760,Connie,Dobney,cdobneyl3@blogs.com
761,Regan,Langran,rlangranl4@netvibes.com
762,Natividad,Metcalf,nmetcalfl5@state.gov
763,Guy,Hannibal,ghanniball6@auda.org.au
764,Mei,Richmond,mrichmondl7@marriott.com
765,Ajay,Lyons,alyonsl8@tiny.cc
766,Umeko,Elsby,uelsbyl9@addtoany.com
767,Guillaume,Shellsheere,gshellsheerela@gmpg.org
768,Sybilla,Shutle,sshutlelb@oakley.com
769,Modestine,Gyles,mgyleslc@bigcartel.com
770,Ida,Livens,ilivensld@springer.com
771,Beatrix,Ivan,bivanle@state.gov
772,Simonette,Bottoner,sbottonerlf@lycos.com
773,Renaldo,Rhead,rrheadlg@time.com
774,Truda,Wragg,twragglh@businessweek.com
775,Cordie,Kumaar,ckumaarli@123-reg.co.uk
776,Bella,MacTague,bmactaguelj@dailymail.co.uk
777,Trevor,Illsley,tillsleylk@squarespace.com
778,Celeste,Hadden,chaddenll@t-online.de
779,Marna,Curreen,mcurreenlm@ucoz.com
780,Petrina,Soppit,psoppitln@mysql.com
781,Hunt,Wanjek,hwanjeklo@yellowbook.com
782,Randy,Dyers,rdyerslp@indiegogo.com
783,Roddy,Mollon,rmollonlq@forbes.com
784,Lydon,Tonsley,ltonsleylr@nifty.com
785,Dara,Cornilli,dcornillils@artisteer.com
786,Noella,Boas,nboaslt@hp.com
787,Larisa,Littrik,llittriklu@abc.net.au
788,Abbi,Finkle,afinklelv@ycombinator.com
789,Tanny,Ioan,tioanlw@mapquest.com
790,Brucie,Simao,bsimaolx@wufoo.com
791,Augie,de Vaen,adevaenly@mapquest.com
792,Tamra,Freshwater,tfreshwaterlz@indiatimes.com
793,Ardine,Smeuin,asmeuinm0@pbs.org
794,Derrick,Nossent,dnossentm1@prweb.com
795,Afton,Lockley,alockleym2@moonfruit.com
796,Sauveur,Borrott,sborrottm3@census.gov
797,Kendrick,Cargenven,kcargenvenm4@tiny.cc
798,Malia,Baudrey,mbaudreym5@eventbrite.com
799,Carver,Lympenie,clympeniem6@prnewswire.com
800,Leland,Pitrelli,lpitrellim7@archive.org
801,Raphael,Vezey,rvezeym8@furl.net
802,Karola,Pilling,kpillingm9@guardian.co.uk
803,Kamilah,Marcos,kmarcosma@discovery.com
804,Josephina,Wythill,jwythillmb@intel.com
805,Colly,Klampk,cklampkmc@msn.com
806,Bernice,Simenel,bsimenelmd@yahoo.com
807,Louisette,Rosenfarb,lrosenfarbme@psu.edu
808,Karola,Cuttings,kcuttingsmf@microsoft.com
809,Ignazio,Hargrave,ihargravemg@hud.gov
810,Helenka,Ormonde,hormondemh@dell.com
811,Maryanna,Bemlott,mbemlottmi@mediafire.com
812,Phoebe,Kuhnel,pkuhnelmj@fotki.com
813,Carlin,Andrejs,candrejsmk@jalbum.net
814,Daveta,Glisenan,dglisenanml@baidu.com
815,Quintin,Roseveare,qrosevearemm@cocolog-nifty.com
816,Dulcie,Kopfer,dkopfermn@woothemes.com
817,Carlee,Paulat,cpaulatmo@home.pl
818,Robbie,Claesens,rclaesensmp@icio.us
819,Lita,Oxtoby,loxtobymq@purevolume.com
820,Nowell,Longina,nlonginamr@aboutads.info
821,Gare,Crowche,gcrowchems@cloudflare.com
822,Elysia,Pavey,epaveymt@moonfruit.com
823,Padgett,Calender,pcalendermu@wikimedia.org
824,Rasla,Baudoux,rbaudouxmv@stumbleupon.com
825,Mady,Gerdts,mgerdtsmw@dot.gov
826,Hyacintha,Meagher,hmeaghermx@macromedia.com
827,Dalli,Spriggin,dsprigginmy@economist.com
828,Izak,Forton,ifortonmz@flickr.com
829,Tallou,Davidy,tdavidyn0@unicef.org
830,Ardyth,Batha,abathan1@ft.com
831,Erick,Bletso,ebletson2@independent.co.uk
832,Marlo,Garstang,mgarstangn3@buzzfeed.com
833,Marsha,Kolyagin,mkolyaginn4@homestead.com
834,Karim,Sanderson,ksandersonn5@zimbio.com
835,Porter,Kull,pkulln6@fastcompany.com
836,Morgen,Thornber,mthornbern7@hubpages.com
837,Mandi,Cake,mcaken8@edublogs.org
838,Kip,Dunham,kdunhamn9@baidu.com
839,Shurlocke,Haburne,shaburnena@businesswire.com
840,Frederica,Feakins,ffeakinsnb@msu.edu
841,Trista,Jakubowsky,tjakubowskync@trellian.com
842,Anderea,Clogg,acloggnd@ask.com
843,Grover,Meneyer,gmeneyerne@issuu.com
844,Alvina,Knightsbridge,aknightsbridgenf@homestead.com
845,Gearard,Ameer-Beg,gameerbegng@twitter.com
846,Gardner,Bertomier,gbertomiernh@irs.gov
847,Lusa,Johl,ljohlni@prweb.com
848,Sanford,Vedekhin,svedekhinnj@chronoengine.com
849,Stanley,Haseley,shaseleynk@photobucket.com
850,Nisse,Masdin,nmasdinnl@illinois.edu
851,Susie,Amber,sambernm@opera.com
852,Avictor,Francino,afrancinonn@google.fr
853,Washington,Dincke,wdinckeno@senate.gov
854,Sherye,Leed,sleednp@ucla.edu
855,Ramonda,Cristofanini,rcristofanininq@elpais.com
856,Aubrette,Brunton,abruntonnr@soup.io
857,Benji,Axe,baxens@imdb.com
858,Raphaela,Quarlis,rquarlisnt@typepad.com
859,Cleopatra,Ambrois,cambroisnu@ted.com
860,Leontyne,Kiddie,lkiddienv@prweb.com
861,Lesley,Oddey,loddeynw@oaic.gov.au
862,Terrijo,Besson,tbessonnx@privacy.gov.au
863,Dru,Rhubottom,drhubottomny@va.gov
864,Zolly,Jarret,zjarretnz@biglobe.ne.jp
865,Sigfrid,Fenty,sfentyo0@boston.com
866,Anne-corinne,Counsell,acounsello1@oakley.com
867,Vilhelmina,Dinsdale,vdinsdaleo2@cnet.com
868,Cully,McFadzean,cmcfadzeano3@deviantart.com
869,Marna,Tavinor,mtavinoro4@discovery.com
870,Frankie,Raynor,fraynoro5@mozilla.com
871,Georgena,Crookshank,gcrookshanko6@google.pl
872,Wye,Congdon,wcongdono7@about.com
873,Francois,Bartell,fbartello8@admin.ch
874,Saxe,McRitchie,smcritchieo9@guardian.co.uk
875,Thorsten,Sharpus,tsharpusoa@digg.com
876,Rozalin,Van der Hoven,rvanderhovenob@mashable.com
877,Else,Paynes,epaynesoc@webmd.com
878,Corrie,Corcoran,ccorcoranod@ucoz.com
879,Bernie,Dougharty,bdoughartyoe@rakuten.co.jp
880,Lacy,Ruston,lrustonof@wp.com
881,Arvin,Hiom,ahiomog@bizjournals.com
882,Pail,Barriball,pbarriballoh@dell.com
883,Devinne,Scotchbourouge,dscotchbourougeoi@etsy.com
884,Sherwood,Shemelt,sshemeltoj@dell.com
885,Dena,Quickenden,dquickendenok@example.com
886,Fanya,Ferrer,fferrerol@freewebs.com
887,Sherrie,Fumagall,sfumagallom@php.net
888,Gunner,Armsby,garmsbyon@sciencedaily.com
889,Sollie,Mylan,smylanoo@rambler.ru
890,Aloisia,Gorthy,agorthyop@tamu.edu
891,Geoffry,Butte,gbutteoq@tinypic.com
892,Madelon,Marien,mmarienor@sitemeter.com
893,Hertha,Carty,hcartyos@squidoo.com
894,Kathye,Featherstonehaugh,kfeatherstonehaughot@biglobe.ne.jp
895,Stearn,Lacase,slacaseou@meetup.com
896,Sherman,Isack,sisackov@youku.com
897,Pammie,Sexon,psexonow@plala.or.jp
898,Obidiah,Dunthorn,odunthornox@wp.com
899,Denise,Fulks,dfulksoy@abc.net.au
900,Artie,Heyball,aheyballoz@macromedia.com
901,Helga,Goodfellow,hgoodfellowp0@soup.io
902,Jedd,Gallen,jgallenp1@oaic.gov.au
903,Paco,Antonijevic,pantonijevicp2@edublogs.org
904,Nedi,Gretton,ngrettonp3@admin.ch
905,Kikelia,Hulson,khulsonp4@hc360.com
906,Chaim,Shuter,cshuterp5@ezinearticles.com
907,Patty,McKeand,pmckeandp6@mediafire.com
908,Hort,Clemitt,hclemittp7@telegraph.co.uk
909,Deeann,Pasley,dpasleyp8@last.fm
910,Leroi,Sherrum,lsherrump9@loc.gov
911,Liliane,Dabbes,ldabbespa@acquirethisname.com
912,Marian,Kaufman,mkaufmanpb@cam.ac.uk
913,Udall,McKinnon,umckinnonpc@bing.com
914,Scotti,Busek,sbusekpd@wikia.com
915,Ross,Beldum,rbeldumpe@arstechnica.com
916,Jervis,Bresnahan,jbresnahanpf@booking.com
917,Roobbie,Hedingham,rhedinghampg@youtube.com
918,Bren,Blunsum,bblunsumph@wunderground.com
919,Guthrey,Swiffen,gswiffenpi@apache.org
920,Sterne,Yielding,syieldingpj@buzzfeed.com
921,Gerladina,Tibbs,gtibbspk@prlog.org
922,Manda,Yearron,myearronpl@sina.com.cn
923,Hertha,Vazquez,hvazquezpm@google.com.br
924,Wheeler,Crotty,wcrottypn@webnode.com
925,Jethro,Safe,jsafepo@fda.gov
926,Kris,Facher,kfacherpp@deliciousdays.com
927,Tyrus,O'Kelly,tokellypq@soup.io
928,Nancey,Stodhart,nstodhartpr@answers.com
929,Jack,Ruck,jruckps@odnoklassniki.ru
930,Carrie,Corton,ccortonpt@scribd.com
931,Delmor,Loving,dlovingpu@plala.or.jp
932,Bevin,Quemby,bquembypv@foxnews.com
933,Walker,Slaney,wslaneypw@prnewswire.com
934,Venus,Middleton,vmiddletonpx@meetup.com
935,Donielle,Nisot,dnisotpy@state.gov
936,Denys,Edowes,dedowespz@woothemes.com
937,Kellina,Brookfield,kbrookfieldq0@friendfeed.com
938,Shannon,Twyning,stwyningq1@hatena.ne.jp
939,Laverne,Starford,lstarfordq2@mashable.com
940,Kort,McGregor,kmcgregorq3@t.co
941,Reeva,Woodage,rwoodageq4@canalblog.com
942,Ethe,McTurley,emcturleyq5@xrea.com
943,Cass,Rosindill,crosindillq6@sitemeter.com
944,Idell,Gulc,igulcq7@europa.eu
945,Carmelina,Gerault,cgeraultq8@topsy.com
946,Tracy,Bravey,tbraveyq9@intel.com
947,Tildie,Meddings,tmeddingsqa@youku.com
948,Arne,O'Spillane,aospillaneqb@istockphoto.com
949,Dicky,Ray,drayqc@google.com
950,Suellen,Foystone,sfoystoneqd@so-net.ne.jp
951,Nolie,Penbarthy,npenbarthyqe@networksolutions.com
952,Nettle,Elder,nelderqf@vk.com
953,Fin,Godsal,fgodsalqg@topsy.com
954,Birk,Chasmar,bchasmarqh@google.ca
955,Margette,Kibbye,mkibbyeqi@google.ru
956,Kynthia,Dmitrichenko,kdmitrichenkoqj@nps.gov
957,Adore,Cowl,acowlqk@free.fr
958,Colas,Willows,cwillowsql@miibeian.gov.cn
959,Mahala,Wivell,mwivellqm@uiuc.edu
960,Ekaterina,Bee,ebeeqn@marketwatch.com
961,Berry,Blower,bblowerqo@webnode.com
962,Gerianna,Aleswell,galeswellqp@bizjournals.com
963,Vaughan,Rawes,vrawesqq@yahoo.com
964,Gavra,Haly,ghalyqr@slideshare.net
965,Briney,Loughlin,bloughlinqs@samsung.com
966,Nata,Cakes,ncakesqt@bloglines.com
967,Ashbey,Mayhead,amayheadqu@geocities.jp
968,Kristien,Whapple,kwhappleqv@cnn.com
969,Tyne,Outibridge,toutibridgeqw@istockphoto.com
970,Chancey,McGivena,cmcgivenaqx@quantcast.com
971,Aloysia,Ettels,aettelsqy@technorati.com
972,Wake,Fibbings,wfibbingsqz@furl.net
973,Blane,Hirschmann,bhirschmannr0@dion.ne.jp
974,Dulci,Kirtland,dkirtlandr1@mapy.cz
975,Valerye,Lowres,vlowresr2@ifeng.com
976,Deerdre,Park,dparkr3@toplist.cz
977,Kandy,Verity,kverityr4@state.tx.us
978,Scarlet,Gashion,sgashionr5@google.fr
979,Janina,Greder,jgrederr6@so-net.ne.jp
980,Colly,Bess,cbessr7@youku.com
981,Drake,Graddon,dgraddonr8@illinois.edu
982,Kellina,Hoyer,khoyerr9@yahoo.co.jp
983,Janith,Pennicott,jpennicottra@foxnews.com
984,Barth,Sebire,bsebirerb@dot.gov
985,Hilly,Bernth,hbernthrc@reference.com
986,Brandea,Cuttelar,bcuttelarrd@globo.com
987,Herman,Wogdon,hwogdonre@squarespace.com
988,Annissa,Couldwell,acouldwellrf@taobao.com
989,Beilul,Kingstne,bkingstnerg@ezinearticles.com
990,Marylou,Comsty,mcomstyrh@abc.net.au
991,Selle,Orrocks,sorrocksri@intel.com
992,Karlene,Clearie,kclearierj@tripod.com
993,Monro,MacEvilly,mmacevillyrk@addthis.com
994,Lefty,Krystof,lkrystofrl@va.gov
995,Dana,Truss,dtrussrm@angelfire.com
996,Gaby,Cowlard,gcowlardrn@accuweather.com
997,Lothaire,Yakuntzov,lyakuntzovro@goodreads.com
998,Ardelia,Brinklow,abrinklowrp@alibaba.com
999,Bernadina,Ruppelin,bruppelinrq@answers.com
1000,Peyton,Hammer,phammerrr@printfriendly.com
